case_id,M1,M2,M3,M4,difficulty_index
2908,-47.81386373292552,1.4738199937302463,-1.8895647866967413,0.0854749864451031,79
2172,-21.276539578342334,10.412848198519717,-3.125751643281218,6.107489129721946,63
2179,382.25324748620665,-8.701472009186073,0.08583415370937786,1.0005010810156447,8
2176,164.5276069834552,6.22167982367252,4.5734425708531,-0.30846839046459573,60
2307,-33.95503419013734,-1.975529379588417,-2.5170562381301673,-1.2048589489172992,35
2804,-66.18042446593444,-3.79738305993299,5.179765386575288,0.9148621737454488,37
2456,-50.99273601977946,-1.9491954699421419,-0.9896805287327826,-0.5777452464126663,17
2450,-43.87851959872026,0.5733312480839865,0.03268478391911542,0.3863070831858496,30
2081,-2.720941551354879,2.14870538115026,-2.375951312430522,0.049126343380262005,37
2180,149.23102774382843,-0.6594076377244277,1.808076613364453,-2.2730310112264966,74
2190,161.48414960649916,0.7799703284753986,-3.606927286069581,2.5596865845182615,44
2177,-26.83453579685796,1.1477595036882784,-0.23284306531976487,-0.04375520866776278,64
2892,5.970667830551329,-3.98680827670214,-0.9058855566460673,-1.698333162565989,58
2188,727.6436241456366,-2.3524315442366315,12.351931050462298,-4.229013830093157,51
2199,184.39523292411428,-1.7759647885228609,-4.631435438901643,0.9792933542491671,61
2198,404.54272613860735,0.5157803656779945,4.911761535103133,-1.984946942589219,69
2164,-55.97986940600412,-0.3058670894285873,3.479395505658864,1.2807061325970825,26
2531,-52.895561832521246,0.6284727253876357,0.7759107999888263,0.6984610662224143,25
2894,-5.956850898649797,-2.774917742016871,-2.9554103533151883,-1.8556681485272704,46
2530,-51.89217822677868,1.1575517195713585,2.0718676797111413,0.8926672160139085,36
2200,150.20881147771942,-2.2159776502085764,0.04255569283925509,-1.5247194132086808,49
2936,140.38282990259412,1.727202736261878,-0.9162287863933861,-1.6348163436493515,57
2474,-49.024182713349326,-2.3844061332055637,-0.03690815152937077,-0.4342553618630671,39
2173,-56.07452477637106,-2.7960893226267496,1.6766543071980309,0.03595335853834025,14
2171,-45.001068285129485,-2.2247685492636924,-0.870877728858682,-0.6660082909437107,38
2647,-62.09729348921828,-2.9053534808701738,2.4940707246373783,0.31623947374125483,63
2548,19.313845402623915,4.743301384185769,2.7458258860363904,-0.5956722594341225,44
2547,-51.8641570307696,1.4898486885862523,1.1648387140191094,0.7248499147644186,36
2589,-57.10298469863753,-3.1136330389137488,2.5812033006638497,0.2328440408031185,18
2169,14.074129840097152,-2.9826251019623227,-4.399168705681159,-2.5068324955656838,40
2145,-27.70202553538733,4.328418570500387,-0.09702469415226259,-0.11065967265327614,16
2607,-51.02227031195542,-2.30730545886963,-0.06831040021172818,-0.39803565710789157,45
2629,-59.1001491633953,-3.0207839455873353,2.5410515665742492,0.2618083087405847,60
2561,-9.927085299139305,-2.3239104852304107,-3.9055257405687396,-1.934694992576399,23
2186,-55.076603584587055,-2.853791046783685,1.7029955333227444,0.026666720627802176,22
2142,-44.03123961041776,-2.6159839608863935,0.06316844575589642,-0.5069170745834949,68
2185,-47.99783923197909,-2.102968338137984,-0.9213974659242068,-0.6145117248154721,43
2482,-33.597574384109215,6.793729512101517,-0.4083977063247628,-0.12774796653951137,43
2141,-56.04596916767324,-2.4546754146640035,0.7645601648472375,-0.13606419764131417,42
2184,-62.09712350735102,-2.9024536352289285,2.492459632302544,0.31490348904057597,14
2140,-12.981926335456247,-2.901296193647473,-2.1227689797618146,-1.5316269901363047,71
2183,-58.0729168879479,-2.7241835589315486,1.648138239971126,0.07456640486959798,20
2182,-40.97719789359566,-2.052234431377565,-1.7120123451431737,-0.9037027680144448,31
2181,-63.04080803359205,-1.8855116296938106,2.650615369045744,1.3413492681985169,26
2614,-49.02553641509761,-2.407499926547603,-0.02407773293521065,-0.4236158456947654,26
2558,-47.9954894826376,-2.0628822366266597,-0.9436684481998652,-0.6329797486189732,55
2610,-35.89537800479393,-1.2048094714326563,-4.3786422529301845,-1.5176460588080665,49
2212,-57.0143715201783,-2.039127323910601,-0.1830047268590005,-0.30636569588094376,15
2618,-27.9920673478324,-2.5949948674207866,-1.4847822939096884,-1.119962570003152,32
2617,-43.943660488317676,-1.5591189735341517,-2.691238770063374,-1.0379995710050944,30
2615,-38.038474431521685,-2.8728349319918256,0.17156964196877922,-0.6038055610295963,23
2494,-54.019163098954635,-2.187583808430828,-0.11767533333095503,-0.3455814795683272,15
2373,-38.9485409187887,-0.9345219158519353,0.6910379451761985,0.45725915014533725,29
2252,-53.020533649390394,-2.2332028424159103,-0.09804699193471988,-0.3604347203983602,41
2395,-21.999931799838354,-2.862587174977544,-1.3704134404613728,-1.211902427129227,45
2394,-56.07437024740082,-2.793453099316527,1.6751896778027262,0.0347388269922686,42
2371,-57.9239997594465,-0.093337912966688,0.3323098509950275,0.7512545736546338,27
2392,-29.59673002264047,6.7191828691705595,-0.38984766306872376,-0.23688500805252638,9
2701,228.75000323823485,-13.001793063316295,1.383017548921279,-5.573584581832971,35
2426,-41.03560421093229,-2.7571563093315894,0.1244509287762019,-0.5494887246023454,2
2425,-32.04616618548784,-3.137481056723179,0.28430165913190764,-0.6971027508095753,25
2424,-45.998172256397815,-2.153125259523849,-0.9049645912085638,-0.6631446564018209,10
2203,594.2181516726956,-17.46728169250034,2.0304687414958575,8.434332540565276,51
2467,-48.084748233256335,-3.148401241712242,1.8266583281904272,-0.08869609115616406,15
2346,16.479653817408987,7.8971631444551456,0.589935150859721,-1.067043311619356,56
2423,-37.979624903182824,-2.160351991709763,-1.6690943967729208,-0.9615030531630567,30
2466,-32.98519201352144,-2.3665144523014874,-1.5831380348967004,-1.045873851743174,16
2345,-38.97873832889689,-2.122989462675447,-1.6841356002713623,-0.9428459670047022,32
2389,-47.028020363913555,-2.49435104854768,0.012741656325073736,-0.45534343241483266,37
2344,-40.976356078634005,-2.0378732910590203,-1.719991088134737,-0.9103190731987589,36
2388,-62.12585939984744,-3.246943137053602,3.406262508947858,0.4883379986906471,8
2442,-40.03581197332006,-2.7829384871444205,0.13305833634348418,-0.5734809816540547,29
2209,170.39419685331384,-0.3493866111586646,-1.430330287649733,1.7866216967964283,56
2527,-30.019449466212272,-2.871913728327068,-0.5970869828189997,-0.9059177843682829,48
2342,-47.0266605089755,-2.4711522834177226,-0.00014708235360516575,-0.4660313100202629,56
2386,-23.967388556575788,-2.4086696643421712,-2.333578942726759,-1.3640107227871265,31
2341,-47.08655619124429,-3.2014823327045563,1.8504324291662286,-0.10011149589745405,18
2340,-14.03865856330844,-3.555420741828477,-0.3088109978365937,-1.1649453928596702,32
2283,-44.00236850507238,-2.2691877636652764,-0.8519159816103097,-0.6814142993363788,27
2061,34.359853036451085,3.9275236624143393,0.48372242475702343,0.7535295818318334,14
2280,-58.10161414820176,-3.0680140049286657,2.561574959267615,0.2476972816331513,23
2438,-68.207088883097,-4.062058128131795,6.060658307807785,1.1232661350885624,20
2339,-53.89002948695971,1.238684264852338,2.0382254096006713,0.9270294019339157,34
2338,-25.595966863642456,7.136844316342681,0.9508605671776096,-0.09895881017072206,27
2359,16.983076498691982,-4.165472770115146,-1.5919180619288127,-2.025319664261729,33
2358,-49.05492014058463,-2.7630412876343624,0.895865320790419,-0.2450896461015477,32
2357,-45.9000152069677,0.8904280739364183,2.185976154600292,0.8005114421685321,10
2356,-38.97917002887722,-2.1303541500182908,-1.6800439371987657,-0.9394529899871052,53
2279,-40.75503985410665,3.017387480017727,-1.04074100903588,0.04145287076083182,36
2498,-50.05385765751901,-2.7226778014023503,0.8791568495348229,-0.22781512763800005,14
2278,-30.98904169178813,-2.4766645570623798,-1.5333742281813938,-1.0668673897031609,35
2211,162.3524881247282,2.515007484548166,3.462949800746146,-2.3654156486314255,36
2718,-3.927234860179133,-1.1472504716153469,0.7599384558874209,-0.2558190374102237,56
2463,-36.85207539207559,1.2166539334304431,0.5084587240109519,0.29793300263184963,36
2451,-58.0126048435311,-1.1677055400821574,3.096441159835267,1.2904006920196158,30
2462,-46.869164146497575,1.2932395877557261,1.2454874331490149,0.6360777983005114,28
2461,-46.87467837311087,0.7055749592463456,-0.02363713882780763,0.43299223588157365,11
2537,-63.064761439598925,-1.6548197957428026,4.840478268627999,1.723620504353336,33
2449,-56.95541933069955,-0.5058480701911674,1.2781869316838197,0.9201564688745046,32
2514,-45.748810368774414,3.2348498825919103,-1.1329753774559952,0.12061768548015195,29
2445,-34.07311826427192,-3.4070635560071665,1.1679210443156636,-0.486437892280697,44
2741,-45.030648143540255,-2.583655886090349,0.05092427756098772,-0.48594057054201745,19
2542,-51.081235876993844,-3.0217679545177925,1.773453437233511,-0.03942616619572337,14
2454,-62.04203693247177,-1.928714125644523,2.668901133496283,1.325382706784585,37
2465,-45.842148514606485,1.5861440927118877,0.35462745952166197,0.4505386200284288,35
2453,-16.43123021027923,9.366237835468958,-3.0780451464886434,-1.063416162404752,16
2464,-35.77398100695708,1.9213321891818713,-1.489362063818416,0.9079477816393102,18
2506,-38.8160011016983,2.224403555510139,0.8332144179759087,0.36449721117402667,32
2505,-56.9902856777797,-1.4485148865129998,0.9287058602712337,0.8953487041217149,31
2535,-50.024307516217895,-2.3642974305968907,-0.04236349738575018,-0.40764928428083347,21
2534,-52.925946769885726,0.25585095480958886,1.7053433646097471,0.8848563625141358,28
2412,177.78620445746682,10.83878954222323,2.38136173960265,-0.12442886990357938,66
2444,-11.013214950650964,-3.3338100816927065,-1.1714948733011623,-1.3893795339357962,55
2387,162.32963125666666,-2.462261859343863,-3.5527607004605644,1.654971414082259,57
2441,-67.17919556705472,-3.754180563982278,5.161479622124748,0.9308287351593807,14
2396,241.28755549517663,-4.902872791164964,-1.9309919645846128,1.4047157396526302,56
2440,-56.044916898971174,-2.436723989265822,0.7545867361077836,-0.14433457912170677,22
2152,178.41073251109046,2.5474829206952085,1.7528412491318286,-1.9837660849939538,38
2490,-56.07546912007804,-2.8121995761892205,1.6856048201693359,0.04337549576433353,26
2070,-47.83882731688638,1.6872784592989993,0.30987260447539,0.4756857888210987,61
2111,-18.840196436128302,1.3668814275497803,1.1953030056268976,0.04215857144797297,27
2099,-57.982972683007326,-0.8079259430581947,2.174143432697186,1.1099218994023294,12
2110,-52.82391256992704,3.0400958907227764,2.778096207843854,0.979438211137193,30
2153,-34.72703433959739,3.7095834705688855,-0.5864034139604825,-0.03356724068278605,43
2098,-54.95769169369471,-0.5890895941203249,1.3130009053105332,0.8867659081913547,58
2097,-27.679160013330897,4.079167724445414,-2.2765766027915753,-0.48438060672375044,33
2096,-57.919446123003354,0.4779393016209954,1.6105389203221576,0.9618899635442778,11
2095,-31.707628871690446,3.3345915975167686,-2.71324615236129,-0.4569691719292944,16
2094,-63.03473265471822,-1.2882738922226018,3.9144213260419707,1.5400244141011314,17
2093,-41.86541224198576,-0.055008751146328035,-1.3810509056430251,1.1302072737658908,17
2108,-45.78362633661337,2.29304252278366,-1.4829339445605794,0.09541396146087133,20
2106,-10.752518559058519,3.2347154620606444,1.1358427279113879,-0.20185149501926913,29
2127,-50.84635616640286,0.6383649343081688,-2.2814605614288364,0.11888481854550548,30
2105,-33.01943057013963,-2.479426388014718,1.3642594022947774,0.5094107487500593,25
2069,-21.9055553740741,-0.37712366283168086,0.43497160183098493,0.035042732079347605,4
2068,-44.87785730606473,0.6068675918972164,0.019769327251358798,0.4067269269353776,40
2109,-59.94588389767624,0.21713069427718426,2.489283718441541,1.1685126119531537,10
2067,-41.881270468664624,0.4819265223183471,0.07203405822508221,0.3566773822557079,17
2584,-64.03397447485551,-1.2531017380476444,3.900597048057127,1.559690625455405,8
2100,-62.00661269618626,-0.9765298672180927,3.0130945172458206,1.345805701237711,6
2122,-50.795458192192605,3.335307212264991,1.8802379961157472,0.7569659260520823,6
2121,-49.831605428943384,2.348550950867744,1.5495354591535497,0.716600225242528,43
2065,-49.83709801284376,1.7612555413093751,0.2802057570093176,0.5133445603661574,32
2120,-39.853746373092946,0.7612674765188491,-0.8170069161950853,0.14151671667927568,28
2064,-37.851302000160416,1.2520856011921988,0.4944902658171596,0.31747965376655474,24
2063,-59.91660169982035,0.5709400208632904,1.5703029461104736,0.9907843760725584,34
2117,-64.06886323712695,-2.196150951596893,3.551328428381004,1.535059034509298,12
2116,-21.808039980219238,1.836438254858984,0.22916525292187742,-0.08128456074206797,18
2114,-41.846497503901176,1.4230002610465213,0.4224002095410372,0.38221909203710525,11
2113,13.482843260721374,8.511881004983696,1.8611793847846119,-0.7688104063820318,47
2134,-58.987856936749715,-1.3626055947211895,0.8924097317692721,0.9275102004026862,14
2080,-5.87036591813467,-0.0986286372013398,0.9062101760290813,0.7919018984537645,38
2088,166.38424329918803,3.3156472938742088,3.868471565175719,-2.4186561209723383,59
2087,56.47788939435348,5.048726414052906,-1.714764734405674,0.8627483932019029,67
2086,-5.656500027515003,2.373137017145272,-2.9508196137318183,3.0533004566076474,54
2085,186.7058135697301,10.040697318916166,3.80727951504382,-2.064822410251953,63
2084,38.138122026403046,-0.7301710830392627,1.156345163137128,-0.05105802465352938,76
2196,159.24448863455234,-1.9416397549333668,1.122755838411373,0.4998593802383069,65
2178,53.34845809430632,3.478752467491955,0.057798721584130186,-0.7359659644468614,52
2592,-51.023104768394674,-2.3215410647448316,-0.06040140147708428,-0.3914771867591049,47
2193,245.30535657758344,-5.652183989815434,-0.71583839249225,5.635846672261705,55
2397,184.29031758040867,-0.20173839055093842,0.2154709344008083,-4.324404612887651,43
2174,203.42903369686397,-3.0570813775953005,-6.09123742122023,3.4141116594842362,56
2115,159.75021536302253,12.385787695022335,5.84998309363547,-1.229071577240184,74
2390,550.3713049344382,-5.48719790669843,6.845625971383705,-5.471102502403575,63
2126,-23.737274852954847,3.783860535845165,0.9050655082426582,0.011466847527448198,32
2119,13.361539721008354,6.531830215617471,4.2552822935059975,-0.2715107514203465,24
2253,311.1442740385823,-8.612388523196051,1.1745961116782637,0.632249406443961,67
2296,31.409683734305972,3.89112595580059,-1.9527125293549823,1.3893432386617024,37
2295,-12.640376482244486,4.44121452680607,-1.8460409921030065,0.26985584822943903,41
2273,233.34143152503296,-5.0837802999647135,-1.1188081533359049,6.804408982453118,58
2151,-68.207088883097,-4.062058128131795,6.060658307807785,1.1232661350885624,30
2291,-57.131653628580175,-3.4569801773039917,3.4943715045711983,0.40575225344989163,38
2304,-3.7318747628690234,3.285491298341613,0.345204553545879,-0.4910618555216063,64
2149,130.38290477859204,-0.1800846684925654,-3.608774911667587,1.2105186539642308,56
2301,74.93996829442318,-6.33641731033514,-1.4397634450337775,-3.120350799798763,35
2289,-21.970003744953058,-2.497759698504007,-2.2955156616637957,-1.3947068227439914,44
2168,119.70490506538025,10.15768396718921,1.3499016348235282,-0.09272805266045037,52
2300,-57.85493204929437,1.780651268596941,1.037574728668564,0.8060965927584732,55
2266,313.4988190465281,-2.2255834972145734,-1.9427883110300206,1.839912788320758,63
2288,-54.047468093360976,-2.52472230294815,0.7920434805774532,-0.17553364442172503,46
2167,480.24170215118573,-13.622746840496916,0.29612028254094236,6.293288965120054,16
2308,-2.9932426502352536,-3.3167275919852495,-1.9491303636168633,-1.698937405618397,51
2406,302.2696123939844,-5.387750343201159,-0.674764280814795,-1.6564807958401655,58
2286,-36.663476416624036,4.546865989443679,-2.4849701943539397,-0.37702033785682665,38
2383,23.468815588669,3.7991409897624795,-6.491935401269456,0.7415781831179542,54
2415,52.31002318219307,2.003851300470474,-1.5858861808283902,-0.9535261781560013,40
2315,102.99253099228554,-6.499581829421863,-3.676413672614853,-4.093724246740884,30
2237,203.44525487738085,-2.7687798131221157,-4.244933748423747,5.769815418717428,38
2236,147.34384699947492,-0.9105637091696951,-3.1443426459991635,-0.06272577872946883,61
2312,-19.943465240284755,-2.235232664113532,-3.1752151811667852,-1.6021211657903065,22
2378,11.088968707378882,-2.1691711534871363,-3.2383379997702857,-2.3001590751482137,54
2311,36.89964215653145,-5.742122253638327,0.6145260597545353,-1.9868996705874227,41
2299,-13.713321889665718,4.3179698497810675,1.4243662059474385,-0.13420266825670735,40
2439,-2.819733697901583,-0.0866375993568651,-2.15804386998421,0.17548836573122056,35
2091,-1.65882520422237,3.3882749611947443,-2.91955156186452,-0.11344710354433063,65
2090,511.3091767999288,-6.891523304424625,5.795803090158342,-3.787770417816146,42
2089,362.3074158038855,-3.7208957417028645,6.029280678130248,-0.7631317129687414,45
2139,224.36454274001926,-4.646678568987484,-4.039092694646646,4.4226133609334575,21
2104,30.485010447646378,4.099470694188459,-5.258966264755831,1.8259360710910182,57
2103,253.372967404534,-2.0188907228310287,-1.9597453747484983,-2.006507244316874,69
2124,462.00701203575363,10.109982326140445,7.821907505581033,0.030053264028225612,59
2309,191.71038764740652,8.706475036476315,1.1729485986977124,-1.5771548638554327,48
2791,-47.998689141315374,-2.1174675663442075,-0.9133420042500322,-0.607831801312078,42
2790,-64.12463783384987,-3.181627931633957,3.3814080152092147,0.529987373887084,32
2789,-51.963376466870066,-1.571828680131795,-1.916032704697028,-0.7304562794266918,36
2800,-41.976184844706104,-2.012714279098275,-1.728252278057415,-0.8860397180917144,7
2822,-48.99612994956147,-2.0515706262446236,-0.9442363174079751,-0.6023207723382411,40
2821,-30.019595164955636,-2.8743993103052787,-0.5957060465319985,-0.9047726546248439,13
2820,-61.06951349442084,-2.5994091471481533,1.5959661005108992,0.12469273027919159,6
2809,-58.04464458236218,-2.3876027270375437,0.7387292515117243,-0.09522451014225841,15
2808,-55.10560438388959,-3.2027997885687394,2.6193092032171528,0.2021832843568534,23
2829,-41.093524865791046,-3.453792914024914,1.9563110817389062,-0.19909178033504227,27
2807,-46.96793496198643,-0.9417394905532817,1.4631926993023276,0.7622721676694239,13
2806,-59.101235158658326,-3.039310737184177,2.551344656491249,0.2703437665504771,41
2828,-67.17919556705472,-3.754180563982278,5.161479622124748,0.9308287351593807,21
2827,-66.15130225101244,-3.446302999832761,4.2623009364417115,0.7383913352301985,30
2805,-52.02165952895663,-2.2746478561598082,-0.08073764708104991,-0.37721096950967326,38
2826,-56.07486474010557,-2.801889013909239,1.6798764918677007,0.03862532793969775,44
2825,-55.04833127900134,-2.51721021488968,0.7935865448633428,-0.143124194384054,25
2847,-61.099202315567034,-2.960155359385865,2.518800858427258,0.3056168511300379,5
2803,-53.020695536883025,-2.2359646001694764,-0.09651261828249613,-0.35916235401676144,28
2846,-65.12340893497014,-3.138425435683245,3.3631222507586758,0.5459539353010159,21
2802,-49.025732548021374,-2.4108459022875004,-0.02221878024117041,-0.42207432488628993,36
2812,-63.09674451780759,-2.8737503674844405,2.482229329526179,0.33754997395790176,35
2811,-58.072746906080646,-2.7212837132903034,1.646527147636291,0.07323042016891912,31
2833,-61.07008010064503,-2.6090752992856356,1.6013364082936816,0.12914601261478764,16
2799,-56.857563973110175,1.7135135387819869,1.069158398105042,0.8011572066517313,42
2810,-45.99923464306817,-2.171249294781628,-0.8948952641158454,-0.6547947520225783,46
2798,-44.94277155317247,-1.5217161688659286,-2.7063023498442442,-1.0193610401898048,25
2795,-50.023540418560536,-2.3512109477030685,-0.04963406792244085,-0.41367834344287124,23
2794,-51.02327475026193,-2.324440910386076,-0.058790309142249364,-0.39014120205842606,11
2818,-60.070742393300556,-2.6426116430988653,1.6142518649614386,0.10872616886525988,31
2839,-63.154422341427406,-3.566244335547415,4.311787922010547,0.6860383686528062,12
2817,-52.05116806630422,-2.632318474535593,0.8403883765407871,-0.19770380212924388,35
2816,-62.068851201765305,-2.5658728033349236,1.583050643843142,0.14511257402871958,17
2814,-59.100526900878094,-3.0272280470123247,2.544631771762771,0.26477716363098236,56
2813,-43.03301150692899,-2.6684498526355265,0.08660075516493637,-0.5186159070924807,15
2793,-51.991681461276414,-1.9089671746491168,-1.0063138907886195,-0.5604084442800895,35
2792,-47.998689141315374,-2.1174675663442075,-0.9133420042500322,-0.607831801312078,33
2801,-53.02081695250249,-2.2380359184846514,-0.09536183804332843,-0.3582080792305622,9
2788,-34.0436560856154,-3.0501838046244485,0.24723440951241793,-0.6655807001973049,41
2787,-64.12463783384987,-3.181627931633957,3.3814080152092147,0.529987373887084,35
2786,-61.06894688819665,-2.589742995010671,1.5905957927281158,0.12023944794359576,42
2797,-49.05428815671919,-2.7522598102502474,0.8898753621096227,-0.2500567687066355,4
2785,-50.84079509164022,1.2268287798392006,-1.012780017368237,0.3216021745681227,26
2796,-60.04105357215436,-2.2818654308611546,0.6914171070450794,-0.07219795198558643,22
2784,-53.05036412209264,-2.596365592687992,0.8261303429273349,-0.178397278963615,29
2783,-43.03301150692899,-2.6684498526355265,0.08660075516493637,-0.5186159070924807,17
2819,-46.9702292190489,-1.7999238500572086,-1.8178909977158517,-0.8047224835768563,26
2815,-47.96825937356832,-1.7440810013113273,-1.8431994723438765,-0.7945794452171653,18
2870,-60.09929800199837,-2.9840255510616123,2.526346007312232,0.2807437250449143,10
2867,-59.12942247331042,-3.3744416462575595,3.459948098783233,0.43946668921199405,23
2845,-56.07537468570734,-2.810588550832973,1.684709768872205,0.04263328204173411,61
2823,-21.03063317930594,-3.262845170531656,-0.43134339924790055,-1.0486452118568128,62
2844,-43.033049280677275,-2.6690942627780245,0.08695877568378862,-0.518319021603441,50
2866,-53.01985372192137,-2.221603459850932,-0.10449136127405934,-0.36577865920107544,47
2865,-56.01722469023403,-2.1100394559887627,-0.1493240800978164,-0.3095661812661672,35
2843,-44.03230199708811,-2.6341079961441736,0.07323777284861455,-0.49856717020425245,33
2864,-33.04562672355224,-3.106040172464229,0.2725503950604188,-0.675717510190093,57
2842,-44.002558694574205,-2.272432346200935,-0.8501133608160887,-0.6799194912796752,41
2863,-64.09551561892786,-2.8305478715337284,2.463943565075639,0.3535165353718337,29
2840,-61.098069103118654,-2.9408230551109003,2.508060242861692,0.296710286458846,32
2861,-59.043415683482465,-2.3444002310868317,0.7204434870611849,-0.07925794872832648,24
2849,-50.96531362353002,-1.62711386625436,-1.8910340555180098,-0.7408562379211285,17
2848,-57.074145786827614,-2.7673860548822606,1.6664240044216654,0.058599843455666045,42
2868,-58.04396465489315,-2.3760033444725646,0.7322848821723849,-0.10056844894497341,30
2824,-50.05238368887986,-2.6975322867509983,0.8651865383796112,-0.23939989007745255,32
2834,-48.05591367995584,-2.8022286126971965,0.9119203420081102,-0.26290603248565025,32
2877,-59.0708380797319,-2.666481834774613,1.6217970138464124,0.08385304278013606,29
2855,-9.926008747313345,-2.305544796169194,-3.915729325356028,-1.9431562290140314,39
2854,-39.008441678407806,-2.4839835249679654,-0.7611631421554448,-0.7618076594273022,43
2832,-60.09958130511046,-2.9888586271303526,2.5290311612036227,0.2829703662127121,32
2875,-57.04519355377287,-2.4192058404232766,0.7505706466229243,-0.11653501035890534,32
2831,-54.07868239280307,-2.9114927709406206,1.7293367594474582,0.017380082717264544,29
2853,-54.04899357165687,-2.55074655870291,0.8065020015310995,-0.16354403813358198,21
2830,-48.96833802751365,-1.7231850102932669,-1.8490922188341476,-0.7683360784133965,24
2852,-51.99222825609416,-1.918295349439134,-1.0011313560052346,-0.5561108711170668,42
2873,-59.07253789840447,-2.69548029118706,1.6379079371947607,0.097212889786924,50
2851,-64.09551561892786,-2.8305478715337284,2.463943565075639,0.3535165353718337,15
2872,-56.01700884024387,-2.1063571123173404,-0.15136991163411473,-0.31126266977496564,43
2850,-49.05485476294338,-2.7619259623877297,0.8952456698924056,-0.24560348637103968,52
2838,-55.98885795027761,-1.7718475987385107,-1.0596281198543485,-0.4800993100006228,35
2859,-41.945778322342605,-1.6397242741530864,-2.657889425831965,-1.0726046632343156,47
2837,-55.07745349392334,-2.8682902749899086,1.7110509949969186,0.03334664413119648,46
2836,-31.929171738707474,-1.7245356344149723,-3.390348108347033,-1.4069598029546468,27
2858,-25.05522612113465,-3.447705805104592,0.41663956657177825,-0.8052717988206557,22
2835,-56.01684695275124,-2.1035953545637742,-0.15290428528633848,-0.31253503615656464,46
2857,-43.915175705397886,-1.2189133345885903,-3.6026616239413194,-1.209460466892799,75
2891,-61.07008010064503,-2.6090752992856356,1.6013364082936816,0.12914601261478764,2
2890,-57.044513626303846,-2.4076064578582974,0.7441262772835848,-0.12187894916162079,27
2889,-66.15130225101244,-3.446302999832761,4.2623009364417115,0.7383913352301985,7
2922,-49.025732548021374,-2.4108459022875004,-0.02221878024117041,-0.42207432488628993,29
2888,-46.997975390283585,-2.1275289692521224,-0.9134687236261771,-0.6390667593051963,20
2921,-47.99762675464502,-2.0993435310864275,-0.9234113313427501,-0.6161817056913206,23
2887,-38.03925043569829,-2.886073357745334,0.17892462871476444,-0.5977065004395409,18
2920,-56.07622459504363,-2.8250877790391966,1.6927652305463792,0.04931320554512819,22
2886,-62.15451802785874,-3.5901145272231627,4.31933307089552,0.6611652425676826,4
2885,-41.00601656946899,-2.398136195689857,-0.797424845607517,-0.7296176164646924,38
2841,-7.523374513124167,5.911241069681443,-6.147622530042397,-1.660362712641879,9
2884,-53.01962707943169,-2.2177369989959383,-0.10663948438717263,-0.3675599721353138,10
2862,-40.00759315853173,-2.4472701940885697,-0.7758436650175426,-0.7428514818999632,4
2883,-56.074988363281754,-2.8039979925574166,1.681048195383944,0.039596953176555205,24
2882,-33.985751619505905,-2.3538233757064804,-1.5844723060850643,-1.0158504078264479,27
2860,-22.806703156344437,1.8814819226454071,0.2098565727031889,-0.06616624358253531,9
2929,-38.0680893475082,-3.232320341776822,1.093703924956949,-0.42346230309208854,7
2928,-11.954004689102753,-2.592935321891082,-3.0222161808339907,-1.7242870541822668,29
2927,-50.02478695225375,-2.372476482405529,-0.037819390800318486,-0.40388112230455997,10
2926,-61.12832453048903,-3.3112354194860933,3.4362653085608335,0.48208768964528814,8
2925,-37.039969388976246,-2.920576316772312,0.19237711616079944,-0.6176810159555091,26
2869,-59.04266020851688,-2.3315120282368547,0.7132830766841411,-0.08519565850912114,38
2924,-43.97348262857544,-1.9221395745100942,-1.767140410315773,-0.8560276190164607,16
2923,-30.049364929848142,-3.2365264014197725,0.32789589821047205,-0.7232123505831982,12
2881,-48.02653649223296,-2.446798784135101,-0.007960746627717952,-0.4413808480519188,9
2880,-46.969945915936805,-1.7950907739884674,-1.820576151607243,-0.8069491247446543,51
2878,-63.06762230288559,-2.522670307384211,1.5647648793926026,0.1610791354426515,13
2856,-19.00300522856427,-2.981732474633817,-1.3213687155334723,-1.264622134604844,8
2911,-21.939756933770568,-1.3084493824351222,0.0791896591817576,0.005010023112567041,9
2910,-41.03452496098145,-2.73874459097448,0.11422177109471043,-0.5579711671463378,10
2876,-46.000297029738526,-2.189373330039408,-0.8848259370231275,-0.6464448476433359,22
2930,-33.95667797083169,-2.0035718429323217,-2.5014764441229724,-1.1919395364272187,13
2874,-21.08875398597376,-3.9628963120839353,1.4024137975030078,-0.6966751600631694,31
2871,-60.071308999524746,-2.6522777952363477,1.619622172744221,0.11317945120085593,15
2918,-57.015779941364144,-2.063154616366628,-0.16965567608465437,-0.2952961083610337,40
2917,-39.06773215051185,-3.203988849114544,1.0836801724799217,-0.40064453808493217,20
2916,-26.906873945653096,-1.6010674366332829,-4.209939366888572,-1.6579195097368413,24
2915,-51.99253731403463,-1.9235677960595792,-0.9982020972146257,-0.5536818080249235,36
2914,-24.937482633378785,-2.021981942113537,-3.2651096297672595,-1.521015992339048,26
2913,-60.071308999524746,-2.6522777952363477,1.619622172744221,0.11317945120085593,11
2879,-35.98369559706907,-2.2742725644116346,-1.6172357985583516,-0.9807595029787978,21
2909,-23.701827723488563,4.736435345873109,1.2490419098595582,0.0317099113811562,8
2900,-28.693690034305757,4.986451200812525,1.1387215382287594,0.09587706081248581,35
2955,12.181868287675282,0.7624533423249195,-0.09092860117530385,-0.8208067005857052,55
2898,-48.77252907019797,3.0426657513203894,-0.28664025325587017,0.33149476276034207,31
2985,-59.07197129218028,-2.6858141390495778,1.6325376294119782,0.09275960745132794,18
2952,195.19922168924967,-4.658198957111873,1.8080963150851757,3.0156534245867634,19
2896,-17.81062493546928,1.7033883768483125,0.2802184447108551,-0.16346864107154713,53
2740,-35.77503469572487,1.9033565378384831,-1.47937517566096,0.9162293242283133,16
2906,-37.89034787707123,-0.25547626997829465,-1.1367656666326333,0.07909618131983875,28
2904,-37.89017173099623,-1.071516206162798,-4.441263905583747,-1.50731478090964,28
2947,-27.018308677821334,-2.9191655999678554,-0.5879847117766918,-0.9917594341093565,18
2958,61.30920488519323,1.9578929358060417,-2.178437893091553,-2.2698978223106443,31
2934,-37.71505116768558,4.4743200122711615,0.6014936431756167,0.1955507227060881,54
2747,1.5264289590879219,9.376557940423728,0.7269709151359528,-0.7514558667623013,32
2671,-35.01373765293033,-2.6632826738421307,-0.6844148427648449,-0.8226842889696228,15
2197,-53.87455727380294,0.695163702923821,0.5887990914259318,1.70359319446011,18
2195,-37.66454189939589,5.369971883587998,0.8213189692422684,1.2420056105181199,31
2194,-51.74660578441122,2.912292964244947,-2.5150884136079124,0.010616656324174967,49
2192,-54.87361167803531,0.7335331228057919,0.5731984808667836,1.72178639704184,32
2207,-61.03901523581152,-2.22485414614261,0.6654594743334215,-0.06259322247964882,29
2669,-59.070595248492964,-2.662339198144264,1.6194954533680765,0.08194449320773756,25
2206,-39.853973015582625,0.7574010156638561,-0.8148587930819721,0.14329802961351412,28
2668,-60.09975128697772,-2.991758472771598,2.530642253538458,0.28430635091339096,5
2205,-43.97334930946387,-1.919865185771863,-1.768404012147016,-0.857075450154248,39
2667,-64.12395790638084,-3.1700285490689777,3.374963645869875,0.524643435084369,33
2204,-61.00887178820087,-1.037307185236954,3.0411444776650574,1.33793601679759,43
2665,-36.011109860214816,-2.5962154195041416,-0.715959357530772,-0.8177124341832867,7
2202,-55.946624424427036,0.6091396607767563,3.844243919342183,1.31825713603327,41
2543,-16.035369743086854,-3.4548387267920786,-0.3532589781524209,-1.1395437507906805,26
2201,-48.93044955229841,0.09008345327833436,1.7745737695987347,0.8177455825853309,4
2662,-63.06490259300948,-2.4762727771242954,1.5389874020352448,0.13970338023179063,2
2189,-27.69319605909114,3.177981294093021,-2.8048795363163608,0.4716881648377452,30
2562,12.9001721644655,-5.053635888322969,1.0916284768959834,-1.4284782771917734,58
2661,-63.06648909043721,-2.5033380031092465,1.5540242638270367,0.15217257077145963,13
2187,-37.06903494327583,-3.270689761658793,1.109304535516097,-0.4416555056738185,30
2658,-56.01571374030286,-2.0842630502888095,-0.1636449008519043,-0.3214416008277565,14
2656,-47.05702925759072,-2.8434978782204126,0.9291320449020932,-0.27976325036670135,24
2655,-57.04459861723747,-2.40905638067892,0.7449318234510023,-0.12121095681128136,16
2653,-50.997825486872124,-1.710568871935973,1.0399977401694143,0.800857292687739,11
2651,-49.02507150742648,-2.3995687247937707,-0.028484139321083735,-0.4272698209444852,2
2673,-11.953296431322517,-2.580852631719229,-3.028929065562469,-1.7298536571017618,7
2659,-60.04105357215436,-2.2818654308611546,0.6914171070450794,-0.07219795198558643,5
2430,-21.00073831953277,-2.8985839938803144,-1.3561309963579988,-1.231188708102421,24
2692,-27.805587912677662,1.5181033339973578,-1.1552934349052777,-0.19323070172278795,37
2372,1.369761112593876,6.445345274107154,2.776312426784621,-0.27505022650077604,34
2293,-60.07082333704687,-2.6439925219756484,1.6150190517875502,0.10936235205605915,2
2427,-48.995860413096764,-2.046972405534721,-0.9467909906754883,-0.6044392135515937,19
2602,-28.080831621284748,-3.672078222993929,1.2808578156885706,-0.5795652913629308,11
2468,-41.94620775021777,-1.6470501999835994,-2.6538192978281723,-1.0692295439904955,47
2523,-26.854215631783934,1.9449507113133,3.237903370007967,0.5513526112168657,29
2489,-51.05211366207184,-2.670687894417564,0.8559889870999352,-0.21589700471097362,31
2522,-53.108248974909756,-3.292391424031971,2.657651163255413,0.17171827658468053,38
2500,-41.035563739059135,-2.7564658698931974,0.12406733536314585,-0.5498068161977451,42
2564,1.4580168932809223,7.513753877762045,0.015491824170910884,-0.8114509697116161,30
2729,-16.743250152618913,3.5262588604639613,1.0081671596762594,-0.12094611865329302,27
2528,-57.07431576869487,-2.770285900523506,1.6680350967565003,0.059935828156344906,20
2429,-9.074548539475652,-4.133146049033497,0.705989613110741,-1.063408750844924,12
2428,-41.00559161480085,-2.3908865815867455,-0.8014525764446043,-0.7329575782163894,35
2285,-29.902103306672007,-1.4529681794746585,-4.275070292520297,-1.618539148224012,13
2284,-45.806994090808686,2.53372542154904,0.7013781326915728,0.47308222511755293,32
2282,-25.965591799411236,-2.333541849934476,-2.3638851125479245,-1.3268821039010674,20
2436,-32.04553108840139,-3.126646468613034,0.27828219326549153,-0.7020943419989245,31
2533,-49.83685518160482,1.7653981779397248,0.277904196530982,0.5114360107937591,38
2433,43.482079871497795,6.710372132699643,0.7833896707372042,0.5111966421135974,38
2739,-32.70870791843918,3.663872711057653,-0.7282169770251121,0.9157383607557532,20
2738,-5.778939612707523,0.37370559274339515,-0.5459492379059535,3.5595289426522028,24
2737,-26.66331161855404,5.808079484160602,1.5440157946348052,0.10470768340923231,23
2539,-33.75854490866209,3.2955209147755595,0.3603361462338751,0.1360498583768467,15
2148,112.47164055071975,3.079879645032748,-4.548124060936036,-1.7569153793946217,40
2125,-68.207088883097,-4.062058128131795,6.060658307807785,1.1232661350885624,40
2147,140.6620610954264,8.948210728673095,-0.10466774130441864,-2.7773168750229527,45
2146,285.2707053508521,-4.677183039710024,-0.8165815200502994,-2.3740366873336627,33
2220,163.4691767631505,2.431290463011074,-2.166280498693479,-1.3545741335347241,53
2150,249.707693560057,8.066434179637943,2.943390935459213,-2.444556307614847,67
2133,-55.95643902112727,-0.5454815253526557,1.2944898132607159,0.9025456185981987,8
2155,34.359853036451085,3.9275236624143393,0.48372242475702343,0.7535295818318334,19
2154,-59.91660169982035,0.5709400208632904,1.5703029461104736,0.9907843760725584,6
2132,-39.007621623059855,-1.6509486563194793,2.533893075112057,0.8167735861310491,22
2230,-45.77281920365105,3.4645961147033817,1.057412878322402,0.5033245688199744,9
2131,-32.89241522387997,0.09165969120116471,0.23740839806357214,0.213643762522996,20
2130,-42.91443178728463,-0.4094151534979862,-0.30024554555736827,0.3440940042645507,27
2107,-60.951183662649704,-0.3446374689532976,1.211488243221001,0.9893666533329474,8
2129,-47.773746636953206,2.999656578412427,-0.2684618949609864,0.31543913569969817,14
2128,-40.88270624202783,0.4351948024634833,0.0922805841378955,0.3423367657107562,15
2227,-45.8130408280492,1.9369763027573093,-0.5626992904123553,0.2741819682397323,65
2226,-53.826042283454,2.532407965684858,1.4702549067424968,0.7753770053718602,15
2102,-47.74553099198991,3.335270795092684,-1.1773338526421095,0.14609354892140147,4
2223,-53.93549258506635,-0.871947083276801,-0.8535964898771478,0.49265751787924783,44
2245,-42.834819887931566,2.631641869048232,2.9478583424618208,0.808913256115351,4
2101,-55.82918182032546,2.0297305283050173,0.1653465057074481,0.6048777592173292,11
2123,-61.014143616429486,-1.6208365614950058,1.769722447813247,1.1329453068554027,4
2240,-15.334653653591216,10.07233800547354,-5.232432164678858,0.5459304474279671,27
2161,-21.9055553740741,-0.37712366283168086,0.43497160183098493,0.035042732079347605,4
2160,-44.87785730606473,0.6068675918972164,0.019769327251358798,0.4067269269353776,18
2218,-42.008483801466994,-2.0925371548858043,1.2007615837964785,0.6540004579425657,31
2118,-59.01697915167172,-1.7136856548214188,1.809874181902848,1.1039810389179365,4
2215,-11.80321825820703,0.8888450694745931,-1.0529331419548218,0.522735727600746,23
2138,-35.72752636058756,3.723427529268927,-0.5883782573935212,-0.0040749858854300935,13
2137,-63.00651700975492,-0.9526596755423449,3.0055493683608474,1.370678827322835,6
2159,-41.881270468664624,0.4819265223183471,0.07203405822508221,0.3566773822557079,10
2158,-49.83709801284376,1.7612555413093751,0.2802057570093176,0.5133445603661574,25
2136,-48.93086236540461,0.08304097100673993,1.778486422411905,0.8209901168584081,10
2157,-37.851302000160416,1.2520856011921988,0.4944902658171596,0.31747965376655474,22
2135,-50.933897151545544,-0.41784944665020474,0.4725851913665938,0.6496675748099013,19
2112,-52.8440727090201,0.7217957255519063,-2.316379687935213,0.15218818209201412,14
2156,34.359853036451085,3.9275236624143393,0.48372242475702343,0.7535295818318334,4
2219,-52.86172409366347,1.5535917578291147,1.1351410455301563,0.7313532512152091,24
2298,-54.89679243919102,0.9774060733079118,2.755738233472517,2.0979849754663005,0
2375,6.127189127061576,-1.7082584004662955,-1.6151265634819958,1.155359771740725,48
2294,-25.873348117557047,-1.0282184530224945,-0.5209629183369615,3.019347241027095,42
2492,72.56130489195911,5.69032868669165,-2.32344890379678,2.4375826083684693,31
2391,60.40619438888233,1.5717574163705714,-4.33269234172622,2.469975293527681,5
2292,65.38389054250598,1.8875430922260712,-2.7853244825876637,1.618979310873359,21
2306,-0.8801942612582409,-2.0155764838104706,-5.573102836752301,-2.429030493829155,65
2405,64.51116234245649,7.42365726547795,0.006990051551589022,-2.1410185609861245,37
2404,27.277129267115278,0.3273084008433387,-3.4426916182148526,1.3382960202813798,40
2446,26.26396662543673,0.932467447072057,-2.0217937060618154,0.5692051652235899,32
2302,-6.723925421830706,3.9814117535707294,1.5713343592991258,-0.23023970850961106,10
2460,47.38539648529055,2.6273936325899427,-2.937694243066501,0.9238027073570514,29
2459,-15.720989232402456,3.2444558606315748,-1.1590160872695434,-0.5155403215838288,60
2458,28.311067473716584,4.989363776951816,4.153287787512424,-0.5580405290376372,34
2435,50.0847342729261,-3.893751748812397,-5.54358823903219,-3.4078506894841576,9
2457,46.07316333618193,-1.7247771591922776,3.108017833247729,0.1496534205541215,58
2710,67.47508308461478,5.743422407108284,1.0276311703109833,1.0957778465862953,35
2434,29.424797597719564,6.324382910630816,0.5162155824421732,-1.2678665822064612,15
2455,17.138808354254593,-1.5749389885606755,-0.31223655383588267,2.173179444656703,52
2432,51.49608501382091,5.313018161227287,-4.561906217914258,-1.582913473973484,26
2431,43.35254590252201,2.133518006428285,-1.3513935263645136,2.3242541267709047,50
2448,-58.043673257406425,-2.371032180516145,0.7295230095983822,-0.10285870843185152,27
2443,-30.63741485960925,6.024943521510394,1.290620999954854,1.1482647538160937,16
2495,-44.03095322792401,-2.6110983513821227,0.06045410540916374,-0.509167918372682,41
2491,-61.098352406230745,-2.9456561311796405,2.5107453967530837,0.29893692762664403,17
2538,-43.06244063355577,-3.024765745143558,1.0069741220141866,-0.3397328739787826,37
2515,-39.68757338406727,4.841822122797442,-0.31366130751168975,0.08325477112841673,21
2536,-27.08179610392651,-3.71076984794715,1.296637436507145,-0.5976100512001409,46
2525,-0.7888985910020755,3.031034283353725,3.5098678002053822,0.021835895984634313,33
2601,-34.044044615597706,-3.0568120232330074,0.25091690627775476,-0.6625270208814676,19
2634,-41.035507078436716,-2.755499254679449,0.12353030458486769,-0.5502521444313047,34
2513,-44.94089280734107,-0.6706203209294892,0.578719572881309,0.5508993514359125,28
2579,25.253669538371973,2.0801054789131452,0.6933329566769151,0.024017300499565908,40
2578,-42.70005037739355,3.21490119201639,-4.179484392181318,-0.48108093003920116,44
2541,-21.59693615953995,8.018543924531503,3.629377595666918,0.2990087641982099,29
2517,-18.86497128560853,1.583559653378026,3.392951566731561,0.4308860016108568,13
2604,-49.025611132401906,-2.4087745839723254,-0.023369560480338114,-0.42302859967248896,48
2516,-3.7313604587578357,3.2942651902817897,0.3403299664815067,-0.49510406564160886,19
2603,-42.005444418712756,-2.36613764880759,-0.8094859351280126,-0.708489295979956,49
2368,-35.8196792779431,2.0949414233292427,0.8879909548195156,0.3165305602805679,77
2365,-0.88184110894102,-0.8991747687597034,-0.2732250775146772,0.5075410601261354,36
2385,-26.903337700230225,0.09734985697638882,2.362201455887241,1.4843401742361113,39
2290,-30.047784396696454,-3.2095629244046906,0.31291556597428816,-0.7356346644667028,51
2210,27.518006039553942,8.015351597651092,-0.9834343778951875,-1.5455177379276526,81
2231,-12.011767503656198,-3.2868792127746795,-1.191852042182204,-1.3751306671370227,43
2472,-42.973331674650375,-1.9418021470201139,-1.761932924818599,-0.8828392327064911,36
2593,-0.9942549928690051,-3.3784735022241184,-1.9262588940863783,-1.7422311868776603,76
2546,-43.003906461892576,-2.3176627062364332,-0.8307009583691611,-0.6949517976581675,31
2689,-4.8574396526869394,0.7613874284122544,1.4516698652832771,-0.1810696554605558,18
2688,40.069697081625144,-3.7821669709319754,-4.826004295809812,-3.0858303015914776,43
2687,-46.970370870604945,-1.8023403880915791,-1.8165484207701559,-0.8036091629929574,41
2686,-21.0871141609014,-3.934921330603693,1.3868714949787182,-0.7095634830579531,60
2685,-48.99667571074062,-2.0608811674339047,-0.9390635794767328,-0.5980313231320483,32
2684,-52.9604806249618,-0.6811436359722256,1.352710925772979,0.857435352962216,44
2208,-8.720547129071912,3.5899267636482053,0.2046498080986778,-0.4519663050172604,70
2287,-31.986509598592775,-2.411229911195458,-1.564011700532334,-1.0611433776610997,61
2683,-46.05750268150485,-2.8738121713211475,0.9402573989755888,-0.30166752156142795,59
2682,-52.89618945787727,0.6177656030199628,0.7818594486097551,0.7033939328095361,49
2681,-63.09561130535921,-2.8544180632094758,2.471488713960613,0.3286434092867099,23
2680,-32.04553108840139,-3.126646468613034,0.27828219326549153,-0.7020943419989245,29
2481,-46.86460860549569,1.8645492936110992,2.5236984510214127,0.8466982191739013,16
2480,-45.001068285129485,-2.2247685492636924,-0.870877728858682,-0.6660082909437107,43
2281,-29.98964732382124,-2.5092342856618606,-1.5209958022919154,-1.0877325616862483,39
2679,-49.05502474481063,-2.764825808028974,0.8968567622272405,-0.24426750167036082,38
2479,-56.16252885313928,-3.8602039240821036,4.435089253854389,0.5703758167116366,70
2677,-40.976582721123684,-2.041739751914013,-1.7178429650216238,-0.9085377602645205,17
2478,-60.070629072055716,-2.6406784126713694,1.6131778034048818,0.10783551239814071,31
2676,-42.03363945981336,-2.7014003690464845,0.0991907386337364,-0.5393056467411355,47
2675,-54.01827455737579,-2.172425524397049,-0.12609695235395568,-0.35256503595823907,10
2477,-33.04485407870107,-3.0928590559131166,0.2652272480838965,-0.6817901679204511,40
2944,-35.00956537073402,-2.5921046444661235,-0.7239598364380648,-0.8554766407135569,47
2964,41.37170669452683,5.129407874077532,2.400566244291232,-0.11833779743321071,60
2941,-40.61277630274043,6.835790665860929,0.33066221817948804,0.11869156623773991,46
2951,41.455528002016074,7.4232313431250345,2.3059445359592763,-1.2716292208137872,57
2940,59.38595831144632,3.0318597667398643,-2.2020235571284643,-0.23386663257941143,54
2962,42.572455145274,9.306384161416833,-0.04004054857820963,-1.760157453815169,54
2950,-26.844261479966086,-0.0053448401057132125,-2.78343989662253,-0.4601655488693432,66
2960,206.5691144466026,2.294719822701515,-3.3751652592175,0.5955339908476471,69
2939,-14.672039726454917,3.597667410197275,-2.2391576126540245,0.27112342723230604,57
2938,-38.94640534537114,-1.717134540462818,-2.632031794507375,-1.14455207208833,38
2949,-29.742666542489957,2.344526430919076,-3.047826952279319,-0.5316807665349763,70
2937,-40.94625930100639,-1.670167449282322,-2.6466924676546997,-1.0944495573312343,9
2959,152.276804698245,1.064413037620373,2.735398292430606,-3.256602951552712,54
2935,-36.75859559468747,2.867776261344836,-0.980486689912401,-0.03310125250032625,44
2912,-68.207088883097,-4.062058128131795,6.060658307807785,1.1232661350885624,28
2251,3.02909116636126,-2.395837707033439,0.5404038984490392,-0.3907788929919106,36
2328,-43.781193073606794,2.783671115062157,-0.17133146239573108,0.2714642178096327,45
2229,-50.83583876005917,1.804975866838881,0.2616322974989861,0.5290725530835395,23
2327,-52.8966626674711,0.6096927726633843,0.7863445408239474,0.7071131576172865,43
2228,-51.83426662856287,1.854033820334414,0.24009336583387617,0.5423414530826393,30
2249,-50.92855400225375,0.16689664805871865,1.743331238420571,0.8540977317308248,31
2325,-31.77395713417539,2.326381609279373,-0.1416468605602616,1.0516844526637494,48
2248,-34.95327623050897,-1.104256305792858,0.7624722686838348,0.3919759510191927,34
2247,-11.862941101770456,0.16146360273053656,0.7960082000480788,0.8872971034984951,29
2225,-57.86345997230219,3.7552779058248733,7.045400163422969,1.8064052050227963,40
2323,-50.933840490923124,-0.4168828314364563,0.47204816058831545,0.6492222465763416,31
2224,-32.85817141722819,1.0237061326745063,0.5927899230272412,0.2433444285086137,57
2246,-57.89009726559168,0.8328858225762172,0.6909263470754681,0.783637812094789,27
2244,-40.590850024386036,5.1013089432336685,-3.8041047371165067,1.4962729104822694,30
2222,-22.674626926164734,5.032498724076815,0.35642693368881206,-0.15528458791563093,46
2243,-53.99413879023297,-1.5809613840838366,0.9851404468177958,0.8487569769295346,30
2320,-51.868121801458315,0.9286173678271661,-0.11897163946798364,0.5095862921617088,50
2166,-12.981926335456247,-2.901296193647473,-2.1227689797618146,-1.5316269901363047,70
2242,-33.95501507499046,-1.1561583386673042,0.785591310138879,0.3800173437072971,24
2241,-47.68202232481407,4.620830792862271,-1.7407687763503137,-0.0017977569681574823,11
2163,-41.86541224198576,-0.055008751146328035,-1.3810509056430251,1.1302072737658908,50
2162,-47.83882731688638,1.6872784592989993,0.30987260447539,0.4756857888210987,54
2317,-50.904339085681855,-0.059333884905758506,-0.44901026475373806,0.46977113449803864,30
2217,1.2268117905698561,2.1216496396960935,0.09002040282822454,-0.5933240809538363,22
2216,-10.614684767665343,3.220087918776722,-4.6818318358883335,1.8130171376839126,37
2238,-17.689409219721014,3.681940912633228,-2.1130520663041987,-0.6600780372712152,30
2335,-48.83771455468615,1.7284996942525876,0.292687586340576,0.49256513481313413,33
2214,-27.928324086921325,-0.48638782107510514,1.252388019270333,0.31532884728226207,36
2334,-30.780557201336016,1.697955022085467,-1.393841578493122,0.8315079515872476,36
2333,-22.638441818663885,5.997663243945007,0.6934087612728986,-0.14084171545601953,48
2376,-36.66270447200862,5.053628542908052,-1.1708981565108643,-0.13666246929303327,41
2277,-41.84681712792508,1.417547559840762,0.42542961393132506,0.3847312000212876,40
2319,-12.715188220547653,4.263892932675687,1.4486935666536087,-0.14515928704309372,49
2221,117.47522173942927,4.01697150907318,-1.9060984073805742,-1.4203378462627008,51
2254,111.30289701250118,1.5914140448943364,2.2146419464671623,-0.47311702596799066,55
2265,76.47821672122261,3.970223796678627,-3.5479344620522144,0.15366441444464485,69
2232,117.61414748198952,8.597477502173732,2.799769376213837,0.26816112687631133,67
2165,-5.87036591813467,-0.0986286372013398,0.9062101760290813,0.7919018984537645,39
2264,101.45861378364924,4.067044475963021,-0.5534044766316069,0.15995564475236135,69
2175,-68.207088883097,-4.062058128131795,6.060658307807785,1.1232661350885624,59
2337,161.63958052927183,7.447541600728533,1.586517961267178,0.19018871473730936,61
2303,14.399147211152254,3.4161106443157925,-4.627082365743101,0.27034003561422715,60
2213,102.39986190312625,3.008538016236728,-0.6884678899088409,-0.8473410203625167,41
2234,152.55701728155773,6.182792977829053,2.9122519731073138,0.6660501874532234,82
2233,81.4523357312756,4.55043590933634,0.014777826306494102,0.6693847554931738,75
2702,-35.76940578551491,2.492977638136697,-0.21133757764491629,1.1184135226780745,69
2635,-48.84645121623757,1.4113127378833337,1.0355455064067889,1.6534080381101681,48
2645,-37.980326078385254,-2.172313854979898,-1.662448640891727,-0.9559921162727567,27
2644,-47.96820707145532,-1.743188741114021,-1.8436951930622871,-0.7949905174327587,57
2643,-8.760544313437574,2.559729221970649,-0.09620106083781502,-0.4364478854203301,29
2566,87.03413926595879,-2.6405323226309174,4.411393307727952,-1.440017955713102,63
2576,-8.752347795821198,1.7239453969316865,-0.8166165308711105,1.4894762430535935,55
2642,-10.786398047848603,2.3088841868300882,0.7770081892593156,-0.2344155434189148,48
2565,-34.89526583367061,-0.4060887266926645,-1.0702384609773847,0.04087367321426438,60
2641,-20.719711550451247,3.7028933676770004,0.7771230331544634,0.9411450544015737,41
2630,-1.9668805200607216,-3.0349716532548814,-2.833796431839284,-1.87934034018829,72
2575,-51.83383077762119,1.8614693219786311,0.23596235984712008,0.5389158512860269,26
2773,47.27823352786982,1.2248610803021085,-1.9977193747874333,-0.8743895283825979,53
2563,-36.69708615284162,4.1192300044145895,-1.5249729065807227,-0.16527950324365598,66
2606,-56.92059947438651,0.43602562595528127,1.6281086437349925,0.9453296311522662,36
2639,-38.884239138450724,0.3645683824335375,0.1200858753347259,0.303134314364493,44
2637,-46.02905499780212,-2.534239435194112,0.029186172392944854,-0.47283683348668304,48
2526,-53.0202503462783,-2.228369766347169,-0.10073214582611134,-0.36266136156615825,47
2504,-33.04511162698479,-3.0972527614301537,0.26766829707607054,-0.6797659486769984,59
2488,-54.019531393000356,-2.193866807320191,-0.11418463327214612,-0.34268684605018995,51
2520,-34.98801244495081,-2.04470309376663,0.41175779691234626,0.3661453994442715,51
2399,229.5942243665222,3.7148036153380986,-0.7978077584140991,-0.4916824933326147,65
2496,-40.976469399878845,-2.0398065214865166,-1.7189170265781804,-0.9094284167316397,46
2551,40.37522117449364,1.4541415810476725,-4.870445479548868,1.7824789955774987,10
2297,-47.996489375974406,-2.0799401521633936,-0.9341914344655426,-0.6251210150855684,41
2550,131.32384023627878,-2.3876811244784983,-3.7235519562967467,3.288201108356506,23
2572,116.50376435100888,3.236645427221526,-2.8073846407700707,1.515893661509109,66
2351,25.310198126091795,3.078445345687445,0.8561070245634715,1.023162914699483,65
2493,56.26564692399288,1.7856109378386746,-1.1759504840467676,-2.996436082632952,19
2503,45.38278746325522,2.1337666378248783,-4.24763087681716,0.7491338417249396,72
2349,455.24402919073617,-12.556654657856459,-2.570599515456926,2.1956633786660174,24
2447,16.246391643303735,0.18171324383172466,-4.582985240776639,-0.6738550269676536,42
2502,-16.917406455155305,-2.003127324514209,-4.0437296765098045,-1.831390299116508,54
2369,-41.827527815442856,0.613694142742522,-3.041615440032274,-0.2073072806535765,42
2501,21.219122966252975,-0.08079315959451758,-4.309949141888564,-1.7322545889023586,21
2508,38.298140377889645,0.7889926834347127,-2.888869739212583,1.1901230252714965,54
2437,16.319598557917892,2.619909540133908,-2.5955632972262803,-0.40512036003727714,57
2314,37.897016315760816,-5.80915620831345,0.6460520739386271,-1.991886866824867,62
2512,154.3540231402009,-1.206505127001176,-3.1757164972600447,0.8225116351074209,25
2556,48.51871929528228,6.921195017917927,-2.81362371827212,-2.283260132755291,35
2313,17.980831616237854,-4.2260076767951364,-1.5640027800746623,-2.0333010297635576,54
2511,56.354953552125195,1.8963324756331967,-4.589459718380201,-1.5507507891689007,59
2555,49.36327717886641,1.0502399201567902,-4.697495919352871,1.6457270632956413,36
2499,64.58606907574321,9.890852018192579,1.9783010717535998,-1.8856437410625362,73
2554,89.15507720139519,-0.7111942583984634,2.0340320664197202,-1.9856944785268391,47
2553,49.313676712387824,0.6636853498206099,-3.60454634345629,0.8385544050832667,51
2597,-6.646049226921186,2.7418045381404936,-3.7165624164913664,1.904610334796396,39
2552,26.414951317131628,1.803925987020179,-7.302775905826064,1.634961890703429,53
2310,68.97670735352747,-5.721969066578744,-2.4692499155495087,-3.202935689704759,65
2318,-1.936498618086725,-2.662401665634714,-3.7632002269542264,-2.0657117796103566,75
2666,-64.09438240647948,-2.8112155672587638,2.4532029495100733,0.3446099707006418,30
2663,-59.042282471034085,-2.325067926811867,0.7097028714956191,-0.08816451339951836,8
2672,-62.067151383092735,-2.5368743469224766,1.5669397204947937,0.13175272702193164,10
2473,-26.674187620842524,4.635350999774238,-0.9956782830743156,-0.3026616405318667,44
2691,37.044387062670054,-4.0014985578830045,-3.9645866247549684,-2.8624461498193456,46
2471,-16.715186659580926,1.2463137089313894,-1.846056967475187,4.537346100201961,54
2690,-31.82921571451556,1.3497077320818023,-0.3164580897485133,0.04255712420018898,66
2590,-39.00732091884347,-2.4648636635971206,-0.7717857289785319,-0.7706163497614481,65
2724,-37.0976310238468,-3.612794109059931,2.021782271279946,-0.26931985789876434,9
2723,-60.94556156875523,0.2448673468079248,2.479590446443454,1.191604425104039,30
2646,-63.12416691405703,-3.195831971172222,3.3835828563114054,0.5006609654663641,28
2722,-58.952338266093506,-0.4088103109385126,1.2357080642216793,0.947190981133213,56
2721,-62.067717989316925,-2.546540499059959,1.5723100282775762,0.1362060093575277,45
2487,-21.941728577719743,-2.161130047659812,-3.2049517728897765,-1.564520229080775,47
2761,-58.07308686981516,-2.727083404572794,1.6497493323059609,0.07590238957027684,26
2486,-36.950710772122505,-1.8350595936821197,-2.577948392401569,-1.1619636220827285,49
2728,-53.0503034142829,-2.595329933530405,0.8255549528077509,-0.17887441635671442,47
2727,-59.07211294373633,-2.688230677083948,1.633880206357674,0.09387292803522684,62
2649,-58.013482585033096,-2.001724519242378,-0.1980683066398703,-0.2877271650656543,47
2725,-64.0932491940311,-2.791883262983799,2.4424623339445075,0.3357034060294497,55
2760,-53.871059455103676,0.4293840048223616,-1.4257934947046291,0.33750033028424276,28
2485,-44.03152707975209,-2.620888111603205,0.06589308720451437,-0.504657688692641,44
2484,-61.12775792426484,-3.301569267348611,3.43089500077805,0.4776344073096921,46
2560,-39.00819106411633,-2.47970811152254,-0.7635384705978294,-0.7637773804603543,33
2483,-59.128951754293404,-3.3664113044818054,3.4554866123175367,0.4357670392716526,27
2559,-61.097502496894464,-2.931156902973418,2.5026899350789087,0.29225700412324995,29
2557,-52.021384810787325,-2.269961236941634,-0.08334143267270222,-0.3793701367026896,52
2755,-40.87783073515816,1.011963041290611,1.3674589576153098,0.5504423918534568,60
2732,-57.10355130486172,-3.123299191051231,2.586573608446632,0.23729732313871432,39
2336,-42.874448933402356,1.1141312966777759,1.322129696022308,0.5751132388725023,62
2731,-35.98155150760709,-2.237694965982298,-1.6375575314182005,-0.9976111281805418,29
2730,-64.09400466899669,-2.8047714658337743,2.4496227443215517,0.34164111581024437,38
2759,-50.846152769296744,0.6418348350754701,-2.283388364222656,0.11728620437375303,31
2954,482.8331176836862,8.055245551860175,11.477990698925801,-2.7323736360443185,60
2975,-61.977819112874286,-0.6310561753576036,2.098744845626259,1.1719177664771063,25
2942,-12.983031217593417,-2.9201451903155635,-2.1122968795853874,-1.5229430895818925,58
2963,582.1999110266066,-12.633537381411493,5.33733863762529,-1.066527863523559,64
2974,18.09738656083031,-2.8205600454248394,-5.23448693496497,-2.7397037828799276,47
2984,10.530472973420679,7.944341691725144,-1.8757831256467346,-0.36212297129902116,31
2961,100.30750678989088,-2.0109305231113486,-4.47308171248524,2.767519486935095,42
2972,-14.47755745763289,9.810092845182973,1.2999859608792135,-0.3625387529859977,77
2970,277.5737665920354,-0.6168855261406572,-0.21341100026881943,6.893329229095409,65
2981,51.05930502214645,-4.204068625101924,-4.6544875636955325,-3.2860301484920464,55
2969,-34.0149224006757,-2.705731963132779,-0.666547543855821,-0.838997859396718,58
2979,-41.874584718120325,1.0895770388507604,1.3300548974580628,0.5505552681526668,20
2946,-45.68320436392767,4.556189905615661,-1.7162889193938373,-0.043757796549536876,45
2957,85.34400312227012,1.5697905570271127,-0.9717256183651874,0.521804983506664,39
2968,137.68809246944897,2.1245468772144687,-8.191846124629851,8.297759629514282,53
2978,-28.635717575449362,5.683971567986991,-0.6936296143026565,-0.25492704069692873,70
2945,-11.83047771810529,0.244091557961884,-2.134564104064348,-0.6540353976057225,44
2956,112.44945661599044,0.40234293490519807,-6.3032666971225595,2.099289019987811,53
2305,177.29667024741877,-2.5506626248395348,-1.8380016832310258,0.6314843641621017,64
2316,198.32832588419927,-2.7690942095537583,-3.281518505296608,-0.05060957293784618,69
2348,304.30415198974447,24.637469450870764,13.210342984597602,-2.345369719649791,57
2347,-15.757871504980145,2.5928494480015414,0.4920500070934614,0.8140977317307669,62
2235,34.32864037541202,2.228142820816254,-3.2032170952681636,-0.8850211204114476,57
2343,-68.207088883097,-4.062058128131795,6.060658307807785,1.1232661350885624,8
2354,285.7980335713533,10.198474488271243,5.045903056428541,-2.8817273145688054,48
2331,194.56641031869793,-0.10909442245923945,-7.376036925907527,3.2675361075297955,50
2352,109.99512574260199,-4.479297455729375,4.272506825676852,-0.8770160548599645,56
2704,-8.818503459028841,1.8624359755736788,1.7360239082380056,-0.08574842047488473,27
2374,-45.0299527631742,-2.571792881194348,0.0443334452821178,-0.4914059624993399,44
2470,23.03943724852343,-2.316236246749513,1.255053256700376,-0.6857559534453104,56
2393,-13.662219272553212,4.404699153308698,-1.6642609648819169,-0.6774377776510402,29
2469,-1.9937533508746632,-3.3476778161476615,-1.937651699820816,-1.7205486977120974,36
2384,-37.92233662134213,-1.4745035032413074,-3.4949609026566266,-1.3069298162522391,40
2521,-21.582376027656338,6.640418556040495,-1.1142327157840015,-0.5022854044617387,53
2532,-49.8661898738609,1.41069331078794,1.1973825120831012,0.689576830184858,48
2497,-43.8153188372952,1.8536384552841245,-0.5278318014808132,0.24083578467076583,29
2519,-37.885704123257185,0.3173383230922078,0.14060926802809168,0.2890232872570594,33
2529,-55.893137858324565,0.7365385027619538,0.7330216211245526,0.7562852082406811,33
2650,122.5530035616489,3.6517520535617605,-4.517132467919569,1.079978069121533,43
2353,199.3759487016532,-0.9693079866160151,-2.3849684227261276,-0.9974388455137544,66
2524,20.39765655063154,3.7508469143559835,-3.251735917397492,0.37472992902735314,71
2600,35.49454153193136,7.100867211603603,0.6121719012513183,0.6182547701820481,46
2400,-12.781049728416749,0.9753930852589211,-1.2510769970772047,1.518719541554746,57
2509,115.0987082734813,-5.212576506544102,-5.187439137149924,-3.6874636675128167,33
2605,59.523327214964596,5.297553928741466,-2.748345958413099,1.6257621243343827,43
2549,46.29292735936259,-0.12800517027713215,-1.4476432762427454,4.3550404296877145,34
2648,73.30275593405976,2.568208624805032,0.6051212872302991,-2.033863947590545,47
2540,35.49801668638166,6.834700867416644,-1.402205872567931,-0.7476599627003951,60
2660,74.28370216061076,-0.40361772812571717,-3.154491038466076,0.43351203705198227,34
2382,-12.703211782654945,3.167141987734609,-1.2889882552229728,0.4124547796380634,50
2416,-21.69728650527914,2.9747725263680316,-2.7262808031934753,0.3500862377837465,34
2636,35.20020487469833,0.4296364177771646,1.2465611205722356,0.9813090208267782,44
2657,79.46911624691737,5.5429178820770115,0.5037921454790196,-0.25700401338430545,55
2633,8.278564722230161,1.4136458055528136,-1.6195913512108666,2.007900106892759,60
2699,104.31316595688737,0.45305653445976823,0.10672780268875603,1.3694699559202173,74
2599,70.3698168385135,-0.10108905507229063,-3.9228080115139505,4.43756340536106,51
2632,236.46464433323007,1.4378933917959384,1.7212075744859612,-0.10870940561141929,55
2654,177.32133141306036,-1.9502353252715667,-0.7317440240033098,1.8286769697932317,30
2598,20.29631331592547,0.9783896626727906,-4.3310377463563166,0.27471738934828993,40
2631,161.9448659091282,16.761949096339677,5.455250796181463,-1.5099879876080644,60
2697,-17.88824521442438,-1.6291436879519812,-4.968202244750075,-1.9825426833130748,43
2696,270.08924812183847,-7.8890157746365155,-1.9719043050350444,-5.192633509079672,51
2355,42.385556257811196,2.2477149592142935,-4.29378827156067,0.8042478433504008,61
2695,143.3718259310832,-0.1645849748265775,-2.0960837766261573,1.2108913287437701,51
2398,138.54663731182293,2.705319751236745,-3.671921432182953,2.9567814500432843,71
2638,194.3407568683305,-3.4436879312242485,-4.0686212756140545,1.944534183545418,46
2092,30.485010447646378,4.099470694188459,-5.258966264755831,1.8259360710910182,80
2276,114.24673010779814,1.0261243578667865,3.3897430775635655,-1.3055558324930998,41
2275,31.60556518990646,9.47651802904258,-2.389710830925494,-1.932518964096463,56
2330,8.277619518202727,2.5412769440672434,-1.6279556365811614,-1.067192725829372,64
2250,4.303028474777501,2.749819202163043,-1.8767270283538664,-0.019801737641635397,49
2370,-55.8718161729314,0.7864017708939862,0.5495424086334613,1.733299676120176,34
2403,-44.81357749308037,1.9055831329474127,-0.5509745354701931,0.2527747451488279,30
2326,0.5245666052078795,8.873431100160639,-0.5834044273001366,-0.957618404885123,40
2402,-17.783382981509707,2.0223916828553885,-0.6194248455958549,-0.32516143343621196,9
2401,-34.767128771320735,2.1841335319722037,-2.2077211180075493,-0.2637095212308049,28
2324,-30.924430455835076,-0.35325008635536626,1.195569396119785,0.36160211536670983,38
2367,-47.78298881720585,2.6738456068703655,0.47918734383709044,1.4802551995558395,26
2421,-45.82608737437427,1.0526704707323298,-1.1003807240151822,1.2224736978845947,45
2322,-23.68958438149942,3.3187861553088385,-3.4726098097684264,-0.7513752806176888,49
2420,-54.7793764056816,2.3975436535701617,-0.9229073434336132,1.3848144321288696,30
2321,-11.56539440466329,6.562005267907705,-1.850246030593387,-0.8395881929661071,55
2409,-50.84015765963801,1.237703200993868,-1.018821613623868,0.3165922319405772,44
2408,-36.80737365221193,1.0260441422342537,-1.8594491480441024,0.8971825319580218,39
2407,-47.815359573357384,1.4483013520872927,-1.8753871741501944,0.09723165181107662,38
2329,-19.543393818324635,6.633211034434958,-1.4332141010502424,1.4292683319059385,44
2364,-30.732325514099166,3.5303662087777625,-0.5097006092851655,-0.0944815963332043,25
2363,-55.92182837326624,0.3928231300045688,1.6463944081855322,0.9293630697383343,25
2362,-53.93554115131414,-0.8727756106028708,-0.8531361777814805,0.49303922779372755,34
2360,-23.628468786437402,4.888972535371386,-2.0319229627598694,0.4581434424927565,26
2381,-1.5959671511219327,6.950988224452924,1.7901259944563765,-0.4151185568041107,48
2239,36.71668047194062,13.78527493610162,2.5943280887131004,-1.2981613667350715,34
2379,-36.7069675701499,5.577173004555722,3.1742924326043656,0.599241971996925,37
2411,1.1658455435261816,0.8794626561040759,0.6293582057496231,-0.46541510879245596,36
2377,4.2526590661709,2.3501466827521695,-0.7764893999822149,-0.8209308399423403,53
2332,-38.83295207411147,0.7798958656322903,-0.9888493167286065,1.0970510354912435,22
2419,-48.872475093655346,0.7876379362838739,-0.05779633696014999,0.46692576360884963,20
2518,28.453667440963763,6.693395383236624,-0.40549511322409504,-1.41672870691615,30
2694,-29.665004742803152,5.352315269579267,0.21876002852602602,-0.05153456622218039,23
2570,-33.88541806312331,0.7268605899862465,1.4858394530886228,0.430699277946083,35
2745,1.5264289590879219,9.376557940423728,0.7269709151359528,-0.7514558667623013,19
2711,-42.84474921598262,1.4750633964565925,0.39919166295627995,0.3941034779767407,10
2567,-30.923926557019094,-0.34465370599594514,1.190793430700314,0.35764168641212835,36
2720,-41.85491860215175,1.1111967310229873,1.1622672128503793,1.5405818028946459,20
2707,-29.79175122885447,2.7858158743188186,1.3430627690642247,0.2421192938770118,25
2706,-14.771946177587973,3.631567257855256,3.2562571799330238,0.2473497111048638,43
2717,-68.207088883097,-4.062058128131795,6.060658307807785,1.1232661350885624,30
2716,40.39023568219093,4.334821323425796,-1.065910662799351,-0.6787752700944042,60
2705,-22.717770748232773,3.7804785525589706,0.7454516007556471,0.9771415408351887,38
2726,9.24530322324036,0.9697128489139522,-0.6562564339546652,2.1912787655213517,19
2715,-42.81970251175802,2.082067882152891,1.5017951779752765,1.5882659154099548,56
2703,-24.026312913888823,-3.122429167107607,-0.4922056731202673,-1.0057251069539106,57
2573,-37.01107381654391,-2.5733627175270763,-0.7229392108596633,-0.792370541536521,39
2771,-65.12146628505864,-3.1052843426404477,3.3447097669319916,0.5306855387218297,12
2594,-43.031462783249545,-2.6420290367930743,0.07192191389199643,-0.5307882121431098,10
2770,-7.106118553223726,-4.570460521879783,1.6599308220080529,-0.9189496224928714,42
2670,-60.070629072055716,-2.6406784126713694,1.6131778034048818,0.10783551239814071,17
2591,-57.073012574379234,-2.748053750607296,1.6556833888560996,0.04969327878447394,32
2768,-58.072066978611616,-2.709684330725325,1.6400827782969518,0.06788648136620412,30
2767,-2.664403934320232,5.11000029613777,1.0722429450102018,-0.4492942111719875,42
2766,-60.09873139577418,-2.97435939892413,2.5209756995294486,0.27629044270931824,27
2545,-47.86853518361994,1.326207334384398,1.2328878769390694,0.6567595998344861,28
2765,-60.09986460822256,-2.9936917031990946,2.5317163150950144,0.2851970073805101,18
2544,65.19357716559327,-0.821753512544925,-1.1143579252920586,-1.0215396415958193,42
2764,-40.82420469675436,1.141741243801958,-1.7450852625180822,-0.012625728514048418,26
2763,-29.019063537353052,-2.8875676906859558,-0.5941065955493917,-0.9345762004386633,14
2762,-11.952891712590953,-2.573948237335313,-3.032764999693028,-1.7330345730557588,12
2609,-20.943060495912952,-2.20609002581734,-3.1856895888423677,-1.579677102797326,24
2905,-51.99292363646021,-1.9301583543351357,-0.9945405237263647,-0.5506454791597445,10
2780,-54.019391920699015,-2.191487446794042,-0.1155065551879082,-0.34378303862510573,16
2779,-58.07338905980139,-2.7322386857127836,1.6526134964567785,0.07827747348259462,13
2778,-1.4744147464507222,9.26073614292971,1.3751045116519003,0.4242273229659427,27
2678,-39.82462415817095,1.1123475366190778,-1.734471366328661,-0.03495412183597468,8
2777,-49.96574927369588,-1.6567837492125965,-1.8802667219633664,-0.7630573946048949,32
2775,-56.016469215268444,-2.0971512531387857,-0.15648449047486035,-0.31550389104696186,26
2774,-52.0501636279977,-2.615183023019147,0.8308682854713083,-0.2055982571787094,19
2476,-56.10461831624881,-3.1637399292483765,2.6033249992449488,0.2200583953431836,28
2674,-43.03152753824659,-2.643133739894501,0.07253566335288575,-0.5302792655904702,19
2574,-34.95496340947409,-1.9520840737209106,-2.524365329530183,-1.1797900741580833,23
2772,-65.12227572252176,-3.11909313140828,3.35238163519311,0.5370473706298242,14
2475,-44.0011494431961,-2.2483908908846324,-0.863470280173267,-0.6909956037553884,13
2991,-58.91799058163396,0.5250082584267004,1.5901050327585047,0.9760752120239712,47
2980,-16.870958675724726,-0.5258602599255817,0.1774708895151284,1.9241891657524641,40
2990,-61.04249524688659,-1.9587706546882586,2.679883279362238,1.3033596813942427,2
2988,-60.016020065279704,-1.6750860884599832,1.794145706872681,1.1220682109678664,11
2977,70.19211006103339,-1.2834225191319142,-3.048701693554079,-2.4767362369763597,28
2966,503.37468509930125,-13.726432131674597,-2.0014615965842357,10.4865243142848,25
2987,-62.068851201765305,-2.5658728033349236,1.583050643843142,0.14511257402871958,8
2976,58.7782692375619,14.234971140528703,2.2137393590313126,-0.8501232522815595,28
2965,1.230425119405261,2.183292072755695,0.055773182910591634,-0.6217232985911227,26
2986,17.1276993066319,-2.4269320372956567,-6.169873496696489,-2.899906503927057,24
2973,-31.693267519739397,3.097571596421614,-2.170703526464937,1.6669270208244473,19
2983,2.4595486947875553,5.229395629999995,-5.259334341562401,-0.6902217587480076,34
2971,84.36816470602415,2.8340956145531,-1.2060826406457255,-1.5803974850874862,36
2948,12.564217520769898,8.497943729888773,-3.483833321769321,-1.7183502086387654,41
2989,-61.098522388098004,-2.9485559768208858,2.512356489087918,0.3002729123273229,9
2967,164.2733150914599,-1.2132008979704834,1.5626742906398348,0.4440121934902499,9
2693,98.21882967970991,-2.3918885971982404,-3.0602557000252872,0.02953530607764243,28
2744,110.31702777571503,0.2282015670983409,-2.531537028656685,-1.2454113602451633,13
2743,207.28790477481658,-2.0438630477343884,-0.23310155809615846,-1.759881110624371,26
2742,123.41217644191042,-0.16364336411178732,-0.5939201503245235,6.971974223523295,33
2708,66.46883675546339,5.815668795834836,-1.5799042467075108,-2.4048752772962456,52
2749,142.26236040247815,-2.077754358011163,-2.4623118603040153,-0.7900035255815681,49
2902,27.521831461496273,6.611404655205348,-2.9838090431722204,0.16833630836441094,9
2782,184.36940302313837,-2.7210415307309455,-2.406464121190834,4.458834769157384,43
2781,1.5041400152296476,9.142051675101538,1.579669453409167,-0.6286916132143386,45
2713,64.52449999543776,6.843721672224226,-1.4222048525760116,-1.347678039370194,46
2735,80.15426314224788,-2.6558844678211293,-0.6434504790736104,0.8410019882714528,17
2757,216.6183903334688,-0.6416254730639077,-5.6667905511668675,8.212218128233928,23
2712,167.2588148277622,-2.514471741720577,-0.9227542563683676,-0.011747528868781831,27
2734,73.51216918106563,6.108509858642954,2.07456265981827,3.1861585192641746,26
2733,214.32883578631927,-3.4300793566834407,-3.1615314336482774,0.6799737136280894,51
2776,-31.987261097374333,-2.4240502813988556,-1.5568889765256955,-1.0552369189844144,39
2698,274.2699005206467,-5.108032565091436,-1.5433107770798395,-1.2400826200750688,34
2510,378.0764085457251,-8.804434932888121,1.5678908427517484,-7.808463914387432,39
2652,62.484532751596426,5.690368697033642,-1.0765643334261288,-0.18896809452580943,57
2719,-39.75790193906255,2.4527298793536687,-2.3283644145985862,-0.20810257006678756,23
2758,72.40352655956022,1.9211264833368427,-3.566410901426321,1.3376896629041153,22
2714,99.2341270987791,-0.6723763371477753,0.7655588587622819,0.6229540293783429,52
2736,226.26009464682153,-2.6153632313301785,2.138050075825384,-0.6895823333426958,23
2595,-63.06648909043721,-2.5033380031092465,1.5540242638270367,0.15217257077145963,10
2452,0.39066374448638586,5.691252465409825,-0.7126619389098365,-0.8541435265463202,16
2625,-23.685476984519543,4.207902201652709,-0.20871109765515256,0.801368867154684,35
2624,-38.78099777289361,3.169407243777296,1.1813971732212283,0.3882283582193097,29
2623,-6.869039886759374,-0.05376908659848784,0.8870037873872074,0.8071050400387371,17
2622,-56.96092810334919,-1.0934196555248934,0.009010666904809311,0.7170280406362938,45
2621,-49.96356833787824,-0.8005326201361664,1.4018910366113697,0.8048279131085044,25
2620,-57.10241809241334,-3.1039668867762664,2.5758329928810664,0.22839075846752244,16
2587,-33.983736307046115,-1.500397737254853,1.699255234764639,0.5533366285696643,16
2586,-46.875777245788086,0.6868284823736526,-0.013221996461198177,0.4416289046536387,12
2585,-44.65231263902272,5.408812913681364,-1.3224980503423551,-0.013336383661009865,14
2608,28.9669040577648,-4.7082240075470345,-1.3589765011979165,-2.2057133682554766,52
2628,-37.9153551706551,-0.04276347900300468,1.0630860054255982,0.469650522618866,18
2627,-53.079344685458594,-2.9450291147538503,1.7422522161152154,-0.003039761032263444,51
2901,-56.92112830686242,0.4270038839602974,1.6331209309989232,0.9494860279988228,19
2626,-5.856735697809043,0.7956345187061815,1.438359533043257,-0.16097725894158643,18
2583,-31.822727408647317,0.484782266983866,-1.0206830866560124,1.9819070656614435,17
2582,-4.88238461958615,0.9751634961226676,3.6509308034854024,0.20899482478155584,8
2361,-23.628468786437402,4.888972535371386,-2.0319229627598694,0.4581434424927565,18
2581,-29.930515153541872,-0.9728846071458153,-0.06151000622127348,0.13737503103318716,12
2580,-41.00451774037509,-1.553521626686627,2.491197937336492,0.8436287580604053,38
2899,-58.88290630908297,1.4713928255706408,1.9375206011777122,0.9991701758784549,9
2613,-23.996538187927992,-2.76021744148131,-1.41585463899079,-1.187324402868541,36
2414,-56.96081478210435,-1.0914864250973966,0.007936605348252773,0.7161373841691746,22
2612,-19.003594639373336,-2.9917876669502075,-1.3157822653321871,-1.2599896179956793,5
2413,-50.81906868751549,1.283596442355149,-1.2000951639898876,1.2954357264936203,30
2895,-50.9628777149115,-0.766512968716063,1.3887070645544741,0.8250250927412527,9
2410,-53.95889681888671,-0.6318865172540797,1.331061342161795,0.8706124957703351,30
2619,-42.06245261679489,-3.0472079825262686,1.0137259299767036,-0.3652638713180285,22
2418,-45.778512067334795,2.8738839850783475,-0.21001856709002767,0.3016430172931709,22
2616,-62.03859577439492,-2.1954604389597305,0.6548455781440004,-0.04026482915772278,14
2417,-47.86813522628522,1.3330305005990915,1.22909707144534,0.6536161064211242,9
2756,13.389417425830798,6.861679262987158,3.34961334082389,-0.4382002733770555,12
2754,-7.497394335884289,8.822422927139485,0.2130794484479937,-0.6324306689012907,22
2750,-21.728776917003103,4.871544225287103,3.4805754184598783,0.38627639379443446,20
2571,-18.77724678427987,2.6429047718708065,0.6371664429943389,-0.10133911330474432,14
2746,-13.611243640774378,7.102966248820383,2.496701552310265,-0.0399670253852088,26
2897,-38.94980498271628,-1.7751314532877125,-2.5998099478106766,-1.1178323780747539,17
2577,-36.916307062047444,-0.08124030057539208,1.0787462860712216,0.45150680095197615,32
2753,-32.66304619514777,5.4524409934120825,0.18028217391189547,0.009947629143183256,19
2752,53.63923713104699,10.089291197838698,-0.542871282870065,-1.0710588411797373,20
2751,37.956678380940446,-5.082811604701822,-1.20231320904197,-2.35597055064759,31
2640,-13.714065560334967,4.305283025100621,1.4314147349123412,-0.12835773519123755,14
2709,6.4082445890346085,6.037464523137736,0.5005325616162293,0.24494628870349644,16
2748,9.452293929152088,6.588056487126465,1.461551564145253,2.357474388806638,65
2769,25.555429789152853,9.046122636691278,-0.6714688917518308,-1.4895597011105188,22
2422,90.17268278347461,-0.7469645352061253,1.8924124034154681,-1.0050982100806363,31
2903,-41.74184391929182,2.782723577698038,-0.49379076127367894,2.2001339237123525,33
2893,-53.021181199360896,-2.2442498734301757,-0.0919094973258251,-0.3553452548719649,21
2953,-36.60465938271005,4.608631897276364,-2.9866147496865,2.594484316716501,67
2588,0.5082203972086918,5.644581344462032,-6.356757529842966,0.17550094825190832,50
2350,58.175755318649585,-0.8243876419936847,-0.3504662555542751,-0.7545085939774566,51
